topic	word	if_reasonable_yijing
election_campaign	lock her up	1.0
economy	fix the economy	2.0
civil_rights	nothing to lose	2.0
sstc	between two ferns	2.0
immigration	work with them	1.0
election_campaign	fired campaign manager	2.0
civil_rights	black lives matter	2.0
foreign_trade	renegotiate trade deals	2.0
election_campaign	between two ferns	2.0
immigration	new immigration policy	2.0
intl_affairs	middle east	2.0
intl_affairs	russian hack	2.0
sstc	media bias	2.0
immigration	open borders	2.0
intl_affairs	russian president	2.0
foreign_trade	free trade	2.0
foreign_trade	trade deficit	2.0
economy	save jobs	2.0
election_campaign	reaching out	2.0
economy	wall street	1.0
immigration	immigration ban	2.0
election_campaign	paul manafort	2.0
immigration	flip-flop	1.0
immigration	mexican president	1.0
election_campaign	presidential debate	2.0
immigration	border wall	2.0
election_campaign	running mate	2.0
election_campaign	shake-up	2.0
election_campaign	st louis	2.0
crime	stop & frisk	2.0
election_campaign	first debate	2.0
election_campaign	ted cruz	2.0
election_campaign	vice president	2.0
election_campaign	young women	1.0
intl_affairs	america first	2.0
sstc	liberal media	2.0
immigration	immigration stance	2.0
economy	higher taxes	2.0
social_welfare	child care	2.0
economy	better deals	2.0
defence	purple heart	2.0
civil_rights	anti-semite	2.0
civil_rights	hispanic vote	2.0
civil_rights	bear arms	2.0
religion	muslim family	2.0
foreign_trade	trade deals	2.0
defence	secret plan	1.0
civil_rights	black community	2.0
civil_rights	black vote	2.0
intl_affairs	mexican president	2.0
civil_rights	reaching out	1.0
labour	save jobs	2.0
religion	radical islam	2.0
foreign_trade	america first	1.0
religion	purple heart	2.0
sstc	new yorker	1.0
labour	create jobs	2.0
economy	create jobs	2.0
economy	lower taxes	2.0
civil_rights	minority outreach	2.0
economy	economic policy	2.0
healthcare	dr. oz	2.0
economy	middle class	2.0
election_campaign	wall street	1.0
economy	hedge fund	1.0
intl_affairs	ally	1.0
intl_affairs	benghazi	2.0
intl_affairs	brazil	2.0
intl_affairs	australia	2.0
intl_affairs	ambassador	2.0
labour	paycheck	2.0
labour	jobless	2.0
labour	livelihood	2.0
intl_affairs	beijing	2.0
intl_affairs	asia	2.0
labour	labor	2.0
labour	salary	2.0
intl_affairs	allies	1.0
intl_affairs	african	2.0
labour	workforce	2.0
labour	worker	2.0
immigration	mexican	1.0
labour	work	2.0
labour	wage	2.0
immigration	mexicans	1.0
immigration	mexico	1.0
labour	union	2.0
labour	unemployment	2.0
labour	unemployed	2.0
immigration	rapists	2.0
immigration	refugees	2.0
labour	strike	2.0
immigration	secure	1.0
immigration	softening	2.0
labour	staff	2.0
immigration	wall	1.0
labour	profession	2.0
labour	ppp	2.0
labour	payroll	2.0
intl_affairs	africa	2.0
intl_affairs	brexit	2.0
intl_affairs	treaties	2.0
labour	job	2.0
intl_affairs	britain	2.0
intl_affairs	japan	2.0
intl_affairs	jong	2.0
intl_affairs	kim	1.0
intl_affairs	kong	2.0
intl_affairs	korea	2.0
immigration	latino	1.0
intl_affairs	korean	2.0
intl_affairs	libya	2.0
intl_affairs	mexico	2.0
intl_affairs	nato	2.0
intl_affairs	paris	2.0
intl_affairs	putin	2.0
intl_affairs	russia	2.0
intl_affairs	war	1.0
intl_affairs	russian	2.0
intl_affairs	vietnam	2.0
intl_affairs	uk	2.0
intl_affairs	scotland	2.0
intl_affairs	singapore	2.0
intl_affairs	spain	2.0
intl_affairs	superpower	2.0
intl_affairs	treaty	2.0
intl_affairs	sweden	2.0
intl_affairs	syria	2.0
intl_affairs	syrian	2.0
labour	benefit	2.0
intl_affairs	italy	2.0
labour	employ	2.0
intl_affairs	estonia	2.0
intl_affairs	british	2.0
intl_affairs	taiwan	2.0
intl_affairs	canada	2.0
labour	income	2.0
labour	hourly	2.0
intl_affairs	china	2.0
intl_affairs	chinese	2.0
intl_affairs	denmark	2.0
intl_affairs	east	1.0
labour	hire	2.0
labour	employment	2.0
intl_affairs	europe	2.0
intl_affairs	italian	2.0
intl_affairs	european	2.0
intl_affairs	explosion	2.0
intl_affairs	foreign	2.0
intl_affairs	france	2.0
intl_affairs	germany	2.0
intl_affairs	india	2.0
intl_affairs	iran	2.0
intl_affairs	iraq	2.0
labour	employer	2.0
labour	employee	2.0
intl_affairs	isolationism	2.0
agriculture	beef	2.0
housing	home	2.0
immigration	immigration	2.0
healthcare	lupus	2.0
healthcare	ill	2.0
healthcare	illness	2.0
healthcare	immune	2.0
healthcare	immunity	2.0
healthcare	infect	2.0
healthcare	infected	2.0
healthcare	infection	2.0
healthcare	infectious	2.0
healthcare	inflammatory	2.0
healthcare	injection	2.0
healthcare	lab	2.0
healthcare	lifesaving	2.0
healthcare	lung	2.0
healthcare	malaria	2.0
healthcare	nursing	2.0
healthcare	mask	2.0
healthcare	medicaid	2.0
healthcare	medical	2.0
healthcare	medicare	2.0
healthcare	medication	2.0
healthcare	medicine	2.0
healthcare	mental	2.0
healthcare	mitigation	2.0
healthcare	morgue	2.0
healthcare	mortality	2.0
healthcare	mouth	2.0
healthcare	nih	2.0
healthcare	nose	2.0
healthcare	icu	2.0
healthcare	hotspot	2.0
healthcare	hospitalization	2.0
healthcare	hospital	2.0
healthcare	disease	2.0
healthcare	doc	2.0
healthcare	doctor	2.0
healthcare	dose	2.0
healthcare	dr	2.0
healthcare	drug	2.0
healthcare	ear	2.0
healthcare	ebola	2.0
healthcare	elbow	2.0
healthcare	epidemic	2.0
healthcare	epidemiologist	2.0
healthcare	er	2.0
healthcare	fda	2.0
healthcare	fever	2.0
healthcare	finger	2.0
healthcare	flu	2.0
healthcare	genetic	2.0
healthcare	germ	2.0
healthcare	glove	2.0
healthcare	hand	2.0
healthcare	health	2.0
healthcare	healthcare	2.0
healthcare	healthy	2.0
healthcare	heart	2.0
healthcare	hhs	2.0
healthcare	hiv	2.0
healthcare	hopkins	2.0
healthcare	nurse	2.0
healthcare	outbreak	2.0
immigration	immigrant	2.0
housing	mortgage	2.0
healthcare	transmission	2.0
healthcare	treatment	2.0
healthcare	vaccinate	2.0
healthcare	vaccine	2.0
healthcare	viral	2.0
healthcare	virus	2.0
healthcare	ward	2.0
housing	apartment	2.0
housing	building	2.0
land_water_management	memorial	2.0
housing	homeless	2.0
housing	household	2.0
housing	housing	2.0
housing	neighborhood	2.0
healthcare	overweight	2.0
housing	rent	2.0
housing	shelter	2.0
immigration	amnesty	2.0
immigration	ban	1.0
immigration	border	2.0
immigration	build	1.0
immigration	citizen	2.0
immigration	criminals	1.0
immigration	deport	2.0
immigration	deportation	2.0
immigration	deporting	2.0
immigration	flip	1.0
immigration	illegal	1.0
healthcare	throat	2.0
healthcare	therapy	2.0
healthcare	therapeutic	2.0
healthcare	testing	2.0
healthcare	oxygen	2.0
healthcare	oz	2.0
healthcare	patient	2.0
healthcare	pharmacy	2.0
healthcare	physician	2.0
healthcare	pill	2.0
healthcare	plague	2.0
healthcare	pneumonia	2.0
healthcare	preexisting	2.0
healthcare	pregnant	2.0
healthcare	prescribe	2.0
healthcare	prescription	2.0
healthcare	quarantine	2.0
healthcare	responder	2.0
healthcare	sanitize	2.0
healthcare	sanitizer	2.0
healthcare	scar	2.0
healthcare	sick	2.0
healthcare	sinai	2.0
healthcare	sneeze	2.0
healthcare	stroke	2.0
healthcare	suicide	2.0
healthcare	surgeon	2.0
healthcare	surgery	2.0
healthcare	surgical	2.0
healthcare	symptom	2.0
healthcare	syndrome	2.0
labour	workplace	2.0
sstc	broadcast	2.0
religion	bless	2.0
immigration	borders	2.0
election_campaign	duke	1.0
election_campaign	father	1.0
election_campaign	outreach	2.0
defence	protect	1.0
crime	sued	2.0
social_welfare	contribution	1.0
environment	energy	1.0
religion	church	2.0
defence	armed	2.0
election_campaign	fundraising	2.0
election_campaign	gennifer	2.0
election_campaign	north	2.0
civil_rights	second	2.0
intl_affairs	ukraine	2.0
sstc	zack	2.0
sstc	watch	1.0
economy	estate	2.0
civil_rights	hispanic	2.0
civil_rights	hispanics	2.0
civil_rights	mexicans	2.0
civil_rights	rapists	2.0
defence	bombing	2.0
defence	explosion	2.0
defence	heart	1.0
defence	purple	2.0
election_campaign	elites	1.0
sstc	covering	1.0
election_campaign	speech	2.0
defence	national	1.0
sstc	galifianakis	2.0
sstc	ferns	2.0
sstc	coverage	2.0
election_campaign	speeches	2.0
crime	subpoena	2.0
election_campaign	trail	2.0
foreign_trade	deal	1.0
labour	factory	2.0
labour	jobs	2.0
foreign_trade	protectionism	2.0
labour	workers	2.0
environment	change	1.0
sstc	phone	2.0
sstc	computer	2.0
sstc	conspiracy	1.0
sstc	email	2.0
sstc	facebook	2.0
sstc	fox	2.0
sstc	google	2.0
sstc	headline	2.0
sstc	internet	2.0
sstc	journalist	2.0
sstc	msnbc	2.0
sstc	nbc	2.0
sstc	newspaper	2.0
sstc	online	2.0
sstc	radio	2.0
sstc	zoom	2.0
sstc	reporter	2.0
sstc	science	2.0
sstc	scientific	2.0
sstc	scientist	2.0
sstc	stream	2.0
sstc	technology	2.0
sstc	television	2.0
sstc	text	2.0
sstc	tv	2.0
sstc	tweet	2.0
sstc	twitter	2.0
sstc	video	2.0
sstc	web	2.0
sstc	communication	2.0
sstc	cnns	2.0
sstc	cnn	2.0
sstc	channel	2.0
religion	easter	2.0
religion	faith	2.0
religion	god	2.0
religion	grace	2.0
religion	heart	1.0
religion	holy	2.0
religion	islam	2.0
religion	khan	2.0
religion	muslim	2.0
religion	pastor	2.0
religion	pray	2.0
religion	prayer	2.0
religion	purple	2.0
religion	religious	2.0
religion	santa	2.0
religion	worship	2.0
social_welfare	donation	2.0
social_welfare	homeless	2.0
social_welfare	medicaid	2.0
social_welfare	poor	2.0
social_welfare	poverty	2.0
social_welfare	volunteer	2.0
sstc	abc	2.0
sstc	app	2.0
sstc	biased	2.0
healthcare	diagnostic	2.0
sstc	cbs	2.0
sstc	website	2.0
transportation	aboard	2.0
transportation	transport	2.0
transportation	transportation	2.0
transportation	traveler	2.0
transportation	truck	2.0
transportation	van	2.0
transportation	aircraft	2.0
transportation	transit	2.0
transportation	train	2.0
transportation	traffic	2.0
transportation	subway	2.0
transportation	airline	2.0
transportation	airplane	2.0
transportation	airport	2.0
transportation	ambulance	2.0
transportation	auto	2.0
transportation	boat	2.0
transportation	boeing	2.0
transportation	bridge	2.0
transportation	bus	2.0
transportation	car	2.0
transportation	cruise	2.0
transportation	driver	2.0
transportation	flight	2.0
transportation	fly	2.0
transportation	ford	2.0
transportation	gas	2.0
transportation	harbor	2.0
transportation	motor	2.0
transportation	parking	2.0
transportation	passenger	2.0
transportation	plane	2.0
transportation	port	2.0
transportation	road	2.0
transportation	route	2.0
transportation	sailor	2.0
transportation	ship	2.0
transportation	street	2.0
healthcare	diagnostics	2.0
government_ops	va	2.0
healthcare	diagnosis	2.0
crime	kill	2.0
crime	law	2.0
crime	lawsuit	2.0
crime	lawyer	2.0
crime	legal	2.0
crime	lock	2.0
crime	mugging	2.0
crime	murder	2.0
crime	nypd	2.0
crime	order	2.0
crime	police	2.0
crime	prison	2.0
crime	prosecutor	2.0
crime	secret	2.0
crime	service	2.0
crime	sheriff	2.0
crime	shoot	1.0
crime	shooting	2.0
crime	shootings	2.0
crime	steal	2.0
crime	sue	2.0
crime	testimony	2.0
crime	unconstitutional	2.0
crime	victim	2.0
crime	violence	2.0
crime	whistleblower	2.0
culture	actor	2.0
culture	arena	2.0
culture	art	2.0
culture	author	2.0
crime	killer	1.0
crime	judge	2.0
crime	jail	2.0
crime	abuse	2.0
crime	arrest	2.0
crime	attorney	2.0
crime	committee	1.0
crime	cop	2.0
crime	cops	2.0
crime	court	2.0
crime	crime	2.0
crime	criminal	2.0
crime	death	1.0
crime	enforcement	2.0
crime	fraud	2.0
crime	frisk	2.0
crime	guilty	2.0
crime	homicide	2.0
crime	illegal	2.0
crime	imprison	2.0
crime	inmate	2.0
crime	investigate	2.0
crime	investigation	2.0
culture	band	2.0
culture	bar	2.0
culture	barber	2.0
culture	baseball	2.0
culture	store	2.0
culture	studio	2.0
culture	takeout	2.0
culture	tattoo	2.0
culture	television	2.0
culture	theater	2.0
culture	tv	2.0
culture	venue	2.0
culture	video	2.0
culture	viewer	2.0
defence	admiral	2.0
defence	aircraft	2.0
defence	army	2.0
defence	attack	2.0
defence	battle	2.0
defence	bomb	1.0
defence	bullet	2.0
defence	commander	2.0
defence	corp	2.0
defence	defense	2.0
defence	fema	2.0
defence	founder	1.0
defence	generals	2.0
defence	homeland	2.0
defence	isil	2.0
defence	isis	2.0
defence	laden	2.0
defence	military	2.0
defence	mvp	2.0
culture	stadium	2.0
culture	sport	2.0
culture	song	2.0
culture	fun	2.0
culture	basketball	2.0
culture	book	2.0
culture	broadcast	2.0
culture	camera	2.0
culture	casino	2.0
culture	ceremony	2.0
culture	club	2.0
culture	concert	2.0
culture	convention	2.0
culture	culture	2.0
culture	entertainment	2.0
culture	famous	2.0
culture	football	2.0
culture	game	2.0
culture	sing	2.0
culture	golf	2.0
culture	gym	2.0
culture	mall	2.0
culture	movie	2.0
culture	music	2.0
culture	nba	2.0
culture	novel	2.0
culture	parlor	2.0
culture	player	2.0
culture	radio	2.0
culture	restaurant	2.0
culture	shop	2.0
culture	shopping	2.0
healthcare	diagnose	2.0
civil_rights	latino	2.0
civil_rights	lives	1.0
civil_rights	minority	2.0
civil_rights	mother	1.0
civil_rights	outreach	2.0
civil_rights	privacy	2.0
civil_rights	race	1.0
civil_rights	racial	2.0
civil_rights	racialist	2.0
civil_rights	racism	2.0
civil_rights	racist	2.0
civil_rights	semite	2.0
civil_rights	supremacist	2.0
civil_rights	vote	2.0
civil_rights	voter	2.0
civil_rights	voting	2.0
civil_rights	white	1.0
civil_rights	liberty	2.0
civil_rights	kkk	2.0
civil_rights	jewish	1.0
agriculture	farmer	2.0
agriculture	feed	2.0
agriculture	field	2.0
agriculture	fish	2.0
agriculture	food	2.0
agriculture	grocery	2.0
agriculture	meat	2.0
agriculture	pork	2.0
agriculture	supermarket	2.0
agriculture	swine	2.0
agriculture	tyson	2.0
civil_rights	abortion	2.0
civil_rights	african	2.0
civil_rights	american	1.0
civil_rights	apartments	1.0
civil_rights	bigotry	2.0
civil_rights	black	2.0
civil_rights	blacks	2.0
civil_rights	church	1.0
civil_rights	civil	2.0
civil_rights	detroit	1.0
civil_rights	discriminate	1.0
civil_rights	discrimination	2.0
civil_rights	disparity	2.0
civil_rights	father	1.0
civil_rights	freedom	2.0
civil_rights	guns	2.0
civil_rights	holocaust	2.0
civil_rights	jew	1.0
defence	navy	2.0
defence	nuclear	2.0
defence	nuke	2.0
environment	nature	2.0
foreign_trade	china	1.0
foreign_trade	deals	1.0
foreign_trade	export	2.0
foreign_trade	factories	1.0
foreign_trade	nafta	2.0
foreign_trade	tariff	2.0
foreign_trade	tpp	2.0
foreign_trade	trade	2.0
forestry	wood	2.0
government_ops	amendment	2.0
government_ops	ballot	2.0
government_ops	bill	2.0
government_ops	bipartisan	2.0
government_ops	campaign	2.0
government_ops	capitol	2.0
government_ops	cdc	2.0
government_ops	congress	2.0
government_ops	congressional	2.0
government_ops	congressman	2.0
government_ops	congresswoman	2.0
government_ops	conservative	2.0
government_ops	constituent	2.0
government_ops	constitution	2.0
government_ops	constitutional	2.0
environment	temperature	2.0
environment	environment	2.0
defence	nukes	2.0
environment	climate	2.0
election_campaign	party	1.0
election_campaign	paul	2.0
election_campaign	pence	2.0
election_campaign	pick	1.0
election_campaign	prep	2.0
election_campaign	preparation	2.0
election_campaign	prepare	1.0
election_campaign	president	1.0
election_campaign	presidential	1.0
election_campaign	reframe	2.0
election_campaign	regret	1.0
election_campaign	republican	1.0
election_campaign	reset	2.0
election_campaign	run	1.0
election_campaign	ryan	2.0
election_campaign	sanders	2.0
election_campaign	staff	1.0
election_campaign	stage	2.0
election_campaign	ted	2.0
election_campaign	tim	2.0
election_campaign	virginia	2.0
election_campaign	vp	2.0
election_campaign	watched	2.0
election_campaign	young	1.0
election_campaign	zack	2.0
energy	energy	2.0
energy	fuel	2.0
energy	gas	2.0
energy	oil	2.0
government_ops	court	2.0
government_ops	democrat	2.0
government_ops	democratic	2.0
government_ops	elect	2.0
government_ops	senator	2.0
government_ops	statewide	2.0
government_ops	taxpayer	2.0
government_ops	treasury	2.0
agriculture	farm	2.0
government_ops	vote	2.0
government_ops	voter	2.0
government_ops	voting	2.0
healthcare	allergy	2.0
healthcare	ambulance	2.0
healthcare	antibiotic	2.0
healthcare	arm	2.0
healthcare	blood	2.0
healthcare	body	2.0
healthcare	brain	2.0
healthcare	cancer	2.0
healthcare	cardiac	2.0
healthcare	cdc	2.0
healthcare	chest	2.0
healthcare	chronic	2.0
healthcare	clinical	2.0
healthcare	contagion	2.0
healthcare	contagious	2.0
healthcare	corona	2.0
healthcare	cough	2.0
healthcare	covid	2.0
healthcare	cure	2.0
healthcare	depression	2.0
healthcare	diabetes	2.0
government_ops	senate	2.0
government_ops	sba	2.0
government_ops	republican	2.0
government_ops	liberal	2.0
government_ops	election	2.0
government_ops	fda	2.0
government_ops	federal	2.0
government_ops	fema	2.0
government_ops	gop	2.0
government_ops	government	2.0
government_ops	governor	2.0
government_ops	hhs	2.0
government_ops	impeachment	2.0
government_ops	judge	2.0
government_ops	lawmaker	2.0
government_ops	legislation	2.0
government_ops	legislature	2.0
government_ops	mail	2.0
government_ops	representative	2.0
government_ops	nominee	2.0
government_ops	oversight	2.0
government_ops	partisan	2.0
government_ops	penny	2.0
government_ops	pentagon	2.0
government_ops	politician	2.0
government_ops	politics	2.0
government_ops	ppp	2.0
government_ops	presidency	2.0
government_ops	president	2.0
government_ops	reelection	2.0
government_ops	regulation	2.0
government_ops	regulatory	2.0
election_campaign	nominee	2.0
election_campaign	nomination	2.0
election_campaign	national	1.0
economy	mortgage	2.0
economy	economic	2.0
economy	economically	2.0
economy	economics	2.0
economy	economist	2.0
economy	economy	2.0
economy	employ	2.0
economy	employer	2.0
economy	employment	2.0
economy	factories	1.0
economy	factory	1.0
economy	financial	2.0
economy	financially	2.0
economy	fiscal	2.0
economy	gdp	2.0
economy	growth	2.0
economy	hire	2.0
economy	income	2.0
economy	invest	2.0
economy	investment	2.0
economy	investor	2.0
economy	job	2.0
economy	jobless	2.0
economy	jobs	2.0
economy	loan	2.0
economy	manufacturer	2.0
economy	manufacturing	2.0
economy	middle	1.0
economy	million	1.0
economy	millions	1.0
economy	dow	2.0
economy	dollar	2.0
economy	deficit	2.0
defence	weapon	2.0
defence	osama	2.0
defence	pentagon	2.0
defence	plane	2.0
defence	security	2.0
defence	soldier	2.0
defence	surveillance	2.0
defence	terrorism	2.0
defence	terrorist	2.0
defence	troop	2.0
defence	va	2.0
defence	veteran	2.0
defence	war	2.0
defence	wartime	2.0
economy	2008	2.0
economy	deduction	2.0
economy	bailout	2.0
economy	bank	2.0
economy	bankruptcy	2.0
economy	billion	1.0
economy	business	2.0
economy	ceo	2.0
economy	commerce	2.0
economy	consumer	2.0
economy	corporate	2.0
economy	corporation	2.0
economy	create	1.0
economy	credit	2.0
economy	debt	2.0
economy	money	2.0
economy	ppp	2.0
election_campaign	moderators	2.0
economy	profit	2.0
education	student	2.0
education	teach	2.0
education	teacher	2.0
education	university	2.0
election_campaign	acceptance	2.0
election_campaign	apologize	2.0
election_campaign	apology	2.0
election_campaign	bernie	2.0
election_campaign	candidate	1.0
election_campaign	choice	2.0
election_campaign	cleveland	2.0
election_campaign	college	1.0
election_campaign	convention	2.0
election_campaign	conway	2.0
election_campaign	coverage	1.0
election_campaign	cruz	2.0
election_campaign	debate	2.0
election_campaign	debates	2.0
election_campaign	endorse	2.0
election_campaign	ferns	2.0
election_campaign	galifianakis	2.0
election_campaign	hofstra	2.0
election_campaign	kaine	2.0
election_campaign	manager	2.0
election_campaign	mate	2.0
election_campaign	mike	2.0
election_campaign	millenial	2.0
election_campaign	millenials	2.0
election_campaign	moderator	2.0
education	stanford	2.0
education	school	2.0
education	professor	2.0
economy	wage	2.0
economy	protectionism	2.0
economy	recession	2.0
economy	return	1.0
economy	returns	2.0
economy	revenue	2.0
economy	sba	2.0
economy	sector	2.0
economy	stimulus	2.0
economy	tax	2.0
economy	taxpayer	2.0
economy	treasury	2.0
economy	unemployed	2.0
economy	unemployment	2.0
education	campus	2.0
education	oxford	2.0
education	class	2.0
education	classroom	2.0
education	college	2.0
education	columbia	2.0
education	educate	2.0
education	education	2.0
education	grade	2.0
education	graduate	2.0
education	graduation	2.0
education	harvard	2.0
education	hopkins	2.0
education	learn	2.0
education	learning	2.0
healthcare	knew far more about covid 19 far earlier	2.0
election_campaign	worst president america has ever had	2.0
healthcare	covered up knowing about the virus	2.0
election_campaign	tell trump to shut up	2.0
healthcare	knew more about the covid	2.0
election_campaign	called trump a clown	2.0
healthcare	not keeping people informed	2.0
healthcare	lied about the coronavirus	2.0
civil_rights	election is being stolen	2.0
healthcare	make a full recovery	2.0
healthcare	stay at home	2.0
government_ops	fill empty seat	2.0
healthcare	wear a mask	2.0
healthcare	affordable care act	2.0
civil_rights	stop the count	2.0
government_ops	stack supreme court	2.0
government_ops	trump will fill	2.0
government_ops	transfer of power	2.0
civil_rights	stop the counting	2.0
crime	rooting for violence	2.0
healthcare	wish trump well	2.0
healthcare	play it down	2.0
healthcare	3 million cases	2.0
intl_affairs	united arab emirates	2.0
healthcare	required to wear	2.0
crime	supreme court nominee	2.0
healthcare	negative coronavirus test	2.0
civil_rights	shot by police	2.0
healthcare	lies about coronavirus	2.0
civil_rights	try voting twice	2.0
energy	clean energy jobs	2.0
crime	amy coney barrett	2.0
election_campaign	lead in polls	2.0
healthcare	wife test negative	2.0
government_ops	stacking supreme court	2.0
election_campaign	shut up man	2.0
election_campaign	republican national convention	2.0
healthcare	lies about covid	2.0
healthcare	pray for trump	2.0
crime	pack the court	2.0
election_campaign	first black woman	2.0
election_campaign	democratic national convention	2.0
healthcare	trump got covid	2.0
healthcare	trump positive test	2.0
healthcare	took off mask	2.0
election_campaign	rock endorses biden	2.0
civil_rights	mail in ballot	2.0
healthcare	medicare for all	2.0
healthcare	wife test positive	2.0
crime	packing the court	2.0
healthcare	handling coronavirus	2.0
healthcare	more deadly	2.0
election_campaign	fourth debate	2.0
election_campaign	mike pence	2.0
crime	pack court	2.0
election_campaign	vp debate	2.0
civil_rights	stop count	2.0
civil_rights	transfer power	2.0
economy	payroll tax	2.0
election_campaign	first black	2.0
healthcare	positive test	2.0
healthcare	wuhan virus	2.0
crime	defund police	2.0
government_ops	leave office	2.0
healthcare	experimental treatment	2.0
sstc	60 minutes	2.0
economy	income tax	2.0
sstc	press conference	2.0
election_campaign	negative ads	2.0
crime	court nominee	2.0
healthcare	healthcare plan	2.0
economy	raise taxes	2.0
election_campaign	press conference	2.0
election_campaign	campaign money	2.0
election_campaign	losing support	2.0
election_campaign	south asian	2.0
crime	ak-47	2.0
civil_rights	election fraud	2.0
civil_rights	mail in	2.0
civil_rights	absentee ballot	2.0
civil_rights	election stolen	2.0
crime	nominate woman	2.0
healthcare	wife tested	2.0
civil_rights	voting twice	2.0
civil_rights	delay election	2.0
civil_rights	postal service	2.0
election_campaign	virtual debate	2.0
immigration	international students	2.0
healthcare	contact tracing	2.0
environment	wild fires	2.0
election_campaign	first female	1.0
civil_rights	voting machine	2.0
healthcare	surgeon general	2.0
crime	national guard	2.0
election_campaign	democrat convention	2.0
crime	police department	2.0
election_campaign	suburban housewives	2.0
crime	replace rbg	2.0
healthcare	fight coronavirus	2.0
immigration	southern border	2.0
civil_rights	post office	2.0
economy	raising taxes	2.0
education	re-open	1.0
civil_rights	vote twice	2.0
healthcare	corona virus	2.0
election_campaign	kristi noem	1.0
healthcare	public health	2.0
crime	court case	2.0
crime	new justice	2.0
social_welfare	stimulus check	2.0
economy	stimulus check	2.0
healthcare	second wave	2.0
economy	tax cut	2.0
election_campaign	south lawn	2.0
civil_rights	matter movement	2.0
civil_rights	fair election	2.0
intl_affairs	peace deal	2.0
election_campaign	vice presidential	2.0
healthcare	the who	2.0
healthcare	coronavirus pandemic	2.0
election_campaign	roll call	2.0
civil_rights	election interference	2.0
healthcare	get sick	2.0
election_campaign	raise money	2.0
civil_rights	george floyd	2.0
election_campaign	campaign funds	2.0
election_campaign	salt lake	2.0
civil_rights	jacob blake	2.0
election_campaign	democratic convention	2.0
healthcare	free testing	2.0
election_campaign	second debate	2.0
civil_rights	trump black	2.0
crime	federal agents	2.0
healthcare	chinese virus	2.0
economy	income taxes	2.0
environment	global warming	2.0
environment	tropical storm	1.0
intl_affairs	trade agreement	2.0
civil_rights	stop counting	2.0
healthcare	knew coronavirus	2.0
healthcare	negative test	2.0
civil_rights	got shot	2.0
government_ops	acceptance speech	2.0
economy	2019 tax	2.0
election_campaign	republican convention	2.0
healthcare	lock down	2.0
crime	ginsburg replacement	2.0
civil_rights	poll watchers	2.0
healthcare	pre existing	1.0
election_campaign	negative ad	2.0
education	day care	2.0
economy	tax return	2.0
healthcare	china virus	2.0
crime	rooting violence	2.0
election_campaign	gaining support	2.0
healthcare	china flu	2.0
healthcare	walter reed	2.0
environment	hurricane laura	2.0
healthcare	ignore coronavirus	2.0
healthcare	chinese flu	2.0
election_campaign	kamala harris	2.0
healthcare	world health	2.0
civil_rights	diversity training	2.0
crime	amy coney	2.0
government_ops	rbg died	2.0
healthcare	health insurance	2.0
election_campaign	watched debate	2.0
healthcare	drug coupon	2.0
election_campaign	lose support	2.0
civil_rights	racist training	2.0
intl_affairs	nobel prize	1.0
election_campaign	ohio debate	2.0
education	re opening	2.0
election_campaign	cancel debate	2.0
election_campaign	female candidate	2.0
economy	raise tax	2.0
civil_rights	mail delay	2.0
crime	abolish police	2.0
healthcare	wuhan flu	2.0
crime	police abuse	2.0
civil_rights	black man	2.0
healthcare	leave hospital	2.0
environment	wild fire	2.0
healthcare	preexisting conditions	2.0
sstc	tik tok	2.0
healthcare	wearing mask	2.0
healthcare	infect others	2.0
election_campaign	saw debate	2.0
immigration	open border	2.0
immigration	build wall	2.0
election_campaign	town hall	2.0
sstc	fox news	2.0
labour	job loss	2.0
healthcare	nursing homes	2.0
election_campaign	formally accept	2.0
healthcare	beat coronavirus	2.0
healthcare	not wearing	2.0
crime	support police	2.0
healthcare	health care	2.0
intl_affairs	mid east	2.0
sstc	tick tock	2.0
labour	lost job	2.0
crime	replace ruth	2.0
election_campaign	vice-president	2.0
crime	gun control	2.0
election_campaign	gain support	2.0
healthcare	care act	2.0
healthcare	affordable care	2.0
election_campaign	tv ad	2.0
education	distance learning	2.0
civil_rights	unsolicited ballots	2.0
civil_rights	postpone election	2.0
civil_rights	black life	2.0
crime	court vacancy	2.0
healthcare	strenuous flus	2.0
civil_rights	voter fraud	2.0
crime	new supreme	2.0
healthcare	pass away	2.0
energy	clean energy	2.0
healthcare	disease control	2.0
healthcare	wear mask	2.0
civil_rights	lives matter	2.0
economy	small business	2.0
healthcare	first wave	1.0
election_campaign	mayor pete	1.0
crime	supreme court	2.0
intl_affairs	japanese	1.0
environment	smoke	1.0
sstc	pbs	2.0
election_campaign	advertisement	2.0
civil_rights	movements	1.0
environment	tsunami	2.0
intl_affairs	emirates	2.0
intl_affairs	wuhan	2.0
healthcare	recovered	2.0
election_campaign	interrupt	2.0
civil_rights	machines	1.0
healthcare	nurses	1.0
intl_affairs	pakistan	2.0
election_campaign	veepstakes	2.0
crime	roe	1.0
defence	treaty	1.0
defence	interfering	1.0
civil_rights	interfering	1.0
government_ops	socialists	2.0
government_ops	dictatorship	2.0
defence	interfere	1.0
immigration	patrol	1.0
environment	fema	1.0
intl_affairs	lebanon	2.0
election_campaign	appearances	1.0
civil_rights	peacefully	2.0
intl_affairs	merkel	2.0
government_ops	communism	2.0
election_campaign	franklin	2.0
election_campaign	nashville	1.0
election_campaign	canvassing	2.0
election_campaign	interrupted	1.0
election_campaign	conventions	2.0
sstc	newspapers	2.0
civil_rights	postponed	1.0
intl_affairs	london	1.0
sstc	yahoo	2.0
intl_affairs	palestine	2.0
education	universities	2.0
education	classes	1.0
sstc	cable	2.0
sstc	bbc	1.0
healthcare	moderna	2.0
intl_affairs	belarus	2.0
intl_affairs	yemen	2.0
labour	employers	2.0
intl_affairs	ireland	1.0
environment	warming	1.0
immigration	walls	2.0
labour	layoffs	2.0
economy	household	1.0
intl_affairs	invading	1.0
healthcare	inflammation	2.0
healthcare	n95	2.0
intl_affairs	cairo	2.0
healthcare	prescriptions	2.0
healthcare	sars	2.0
housing	renter	2.0
labour	furlough	2.0
economy	cutbacks	2.0
intl_affairs	guatemala	2.0
intl_affairs	gaza	2.0
election_campaign	reschedule	2.0
agriculture	meatpacking	2.0
sstc	snapchat	2.0
civil_rights	deface	2.0
healthcare	airborne	2.0
crime	barret	2.0
healthcare	rona	2.0
economy	inflation	2.0
economy	surplus	2.0
healthcare	chloroquine	2.0
government_ops	dictatorial	2.0
healthcare	pcr	2.0
healthcare	symptomatic	2.0
economy	layoff	2.0
election_campaign	polosi	2.0
environment	tornadoes	2.0
healthcare	coronaviruses	2.0
healthcare	pathogen	2.0
healthcare	swab	2.0
intl_affairs	iceland	2.0
intl_affairs	putins	2.0
labour	layoff	2.0
election_campaign	keynotes	2.0
election_campaign	pluralism	1.0
government_ops	stalinism	2.0
healthcare	disinfect	2.0
healthcare	incubation	2.0
healthcare	virology	2.0
intl_affairs	chile	2.0
intl_affairs	netherlands	2.0
healthcare	respiratory	2.0
healthcare	antigen	2.0
election_campaign	adverts	2.0
healthcare	beds	1.0
healthcare	influenza	2.0
healthcare	hospitalize	2.0
healthcare	saliva	2.0
intl_affairs	crimea	2.0
intl_affairs	intl	2.0
intl_affairs	invaded	2.0
intl_affairs	minsk	2.0
sstc	laboratory	2.0
economy	depreciation	2.0
election_campaign	webcast	2.0
intl_affairs	oppressive	1.0
election_campaign	selecting	1.0
election_campaign	advertisements	2.0
healthcare	cures	2.0
healthcare	ventilators	2.0
election_campaign	microphone	2.0
intl_affairs	hamas	2.0
election_campaign	vicepresident	2.0
housing	landlord	2.0
environment	flooding	1.0
crime	scalia	2.0
intl_affairs	arabs	2.0
environment	floods	1.0
civil_rights	unarmed	2.0
government_ops	autocracy	2.0
election_campaign	yang	2.0
healthcare	vaccination	2.0
sstc	hashtag	2.0
intl_affairs	azerbaijan	2.0
healthcare	1918	2.0
healthcare	antiviral	2.0
intl_affairs	wales	1.0
intl_affairs	kuwait	2.0
healthcare	asymptomatic	2.0
healthcare	h1n1	2.0
intl_affairs	colombia	2.0
intl_affairs	melbourne	1.0
civil_rights	blakes	2.0
economy	homeowner	1.0
civil_rights	1968	1.0
environment	isaias	2.0
healthcare	ppe	2.0
healthcare	disinfectant	2.0
intl_affairs	qatar	2.0
healthcare	ventilator	2.0
education	preschool	2.0
crime	ginsberg	2.0
healthcare	remedy	1.0
election_campaign	keynote	2.0
intl_affairs	kazakhstan	2.0
education	educators	2.0
healthcare	contracted	2.0
election_campaign	whitmer	1.0
healthcare	science	1.0
civil_rights	gun	2.0
civil_rights	peaceful	1.0
civil_rights	lawsuits	2.0
crime	appeals	2.0
election_campaign	campaigns	2.0
economy	reopen	1.0
crime	ruling	1.0
election_campaign	fundraiser	2.0
energy	green	1.0
election_campaign	unity	2.0
economy	company	1.0
immigration	daca	2.0
crime	riots	2.0
civil_rights	riots	2.0
election_campaign	barack	1.0
healthcare	crisis	1.0
election_campaign	speak	1.0
civil_rights	voted	2.0
healthcare	recovery	1.0
healthcare	woodward	2.0
healthcare	doctors	2.0
election_campaign	minnesota	1.0
civil_rights	protest	2.0
civil_rights	shot	1.0
healthcare	deaths	2.0
education	children	1.0
election_campaign	pompeo	2.0
civil_rights	postal	2.0
election_campaign	mccain	1.0
education	reopen	1.0
election_campaign	mcconnell	1.0
election_campaign	appearance	1.0
election_campaign	basement	1.0
election_campaign	miami	1.0
sstc	hannity	1.0
election_campaign	scott	1.0
civil_rights	confederate	2.0
civil_rights	usps	2.0
election_campaign	warren	1.0
election_campaign	schumer	1.0
government_ops	transfer	1.0
education	reopening	1.0
economy	reopening	1.0
civil_rights	rigged	2.0
healthcare	deadly	2.0
education	debt	1.0
environment	environmental	2.0
social_welfare	benefits	2.0
healthcare	lockdown	2.0
energy	fracking	2.0
healthcare	obamacare	2.0
election_campaign	campaigning	2.0
healthcare	briefings	1.0
election_campaign	aoc	1.0
economy	industry	2.0
civil_rights	blake	2.0
healthcare	cost	1.0
immigration	reform	1.0
intl_affairs	netanyahu	2.0
crime	bader	2.0
healthcare	died	1.0
education	kids	1.0
intl_affairs	international	1.0
crime	ruth	2.0
civil_rights	arrest	1.0
intl_affairs	uae	2.0
civil_rights	mail	2.0
election_campaign	pelosi	1.0
election_campaign	polls	2.0
sstc	tiktok	2.0
civil_rights	police	1.0
government_ops	transition	2.0
election_campaign	rallies	2.0
government_ops	power	2.0
sstc	interview	2.0
election_campaign	rnc	2.0
election_campaign	ahead	1.0
election_campaign	ad	2.0
healthcare	fauci	2.0
civil_rights	votes	2.0
civil_rights	fraud	2.0
election_campaign	rally	2.0
sstc	news	2.0
election_campaign	win	2.0
election_campaign	harris	2.0
healthcare	coronavirus	2.0
election_campaign	campaign	2.0
election_campaign	election	2.0
election_campaign	obama	1.0
crime	supreme	2.0
election_campaign	clinton	1.0
sstc	media	2.0
healthcare	pandemic	2.0
election_campaign	kamala	2.0
election_campaign	poll	2.0
healthcare	dead	1.0
election_campaign	ads	2.0
civil_rights	protests	2.0
crime	ginsburg	2.0
election_campaign	elections	1.0
civil_rights	elections	1.0
civil_rights	ballot	2.0
election_campaign	maga	2.0
election_campaign	winning	1.0
environment	fires	1.0
civil_rights	recount	2.0
healthcare	tested	2.0
election_campaign	cuomo	1.0
election_campaign	picks	2.0
crime	coney	2.0
civil_rights	violence	2.0
healthcare	death	1.0
civil_rights	lawsuit	1.0
healthcare	tests	2.0
crime	portland	2.0
crime	nominee	2.0
healthcare	cases	1.0
crime	nomination	2.0
sstc	tweets	2.0
civil_rights	ballots	2.0
economy	taxes	2.0
intl_affairs	israel	2.0
election_campaign	dnc	2.0
intl_affairs	peace	1.0
environment	california	1.0
civil_rights	matter	1.0
crime	troops	1.0
civil_rights	troops	1.0
healthcare	masks	2.0
civil_rights	kenosha	2.0
civil_rights	protesters	2.0
election_campaign	vice	2.0
crime	justice	1.0
labour	hiring	2.0
crime	ricin	2.0
intl_affairs	ukrainian	2.0
environment	wildfire	2.0
defence	meddling	1.0
intl_affairs	meddling	1.0
crime	roberts	1.0
environment	burning	1.0
healthcare	scientific	1.0
healthcare	contract	1.0
healthcare	superspreader	2.0
election_campaign	chosen	1.0
civil_rights	riot	2.0
sstc	headlines	2.0
immigration	dreamers	2.0
education	teachers	2.0
healthcare	remdesivir	2.0
election_campaign	commercial	1.0
crime	riot	1.0
intl_affairs	bahrain	2.0
healthcare	infections	2.0
election_campaign	commercials	1.0
economy	costs	1.0
intl_affairs	beirut	2.0
crime	justices	2.0
energy	fossil	2.0
election_campaign	fly	1.0
crime	assassination	2.0
education	loans	1.0
election_campaign	mic	1.0
crime	rioting	1.0
civil_rights	rioting	2.0
election_campaign	haley	2.0
election_campaign	slogan	2.0
healthcare	steroid	2.0
intl_affairs	vladimir	2.0
election_campaign	veep	2.0
civil_rights	election	2.0
election_campaign	speakers	2.0
economy	evictions	2.0
housing	evictions	1.0
election_campaign	zoom	1.0
healthcare	downplay	2.0
healthcare	diagnosed	2.0
election_campaign	selected	1.0
civil_rights	1619	2.0
election_campaign	advertising	2.0
crime	ruled	2.0
civil_rights	protestors	2.0
healthcare	mandatory	1.0
healthcare	covid19	2.0
election_campaign	debating	2.0
sstc	instagram	2.0
crime	rulings	2.0
civil_rights	postpone	1.0
election_campaign	charlotte	2.0
civil_rights	rig	2.0
intl_affairs	moscow	2.0
economy	rates	1.0
healthcare	aca	2.0
crime	poison	1.0
civil_rights	fraudulent	2.0
intl_affairs	maduro	2.0
intl_affairs	german	2.0
economy	irs	2.0
election_campaign	nikki	1.0
election_campaign	klobuchar	2.0
healthcare	downplayed	2.0
environment	storm	1.0
civil_rights	indian	1.0
crime	crimes	2.0
election_campaign	mitch	1.0
civil_rights	jail	1.0
sstc	axios	2.0
crime	rbg	2.0
election_campaign	milwaukee	2.0
education	guidelines	1.0
environment	hurricane	2.0
education	parents	1.0
healthcare	hydroxychloroquine	2.0
civil_rights	supremacists	2.0
civil_rights	supremacy	2.0
crime	guns	2.0
healthcare	hospitalized	2.0
civil_rights	cops	2.0
election_campaign	picked	2.0
education	opening	1.0
civil_rights	officers	1.0
crime	officers	2.0
civil_rights	movement	2.0
healthcare	vaccines	2.0
environment	laura	1.0
civil_rights	training	1.0
healthcare	panic	2.0
environment	wildfires	2.0
election_campaign	bloomberg	2.0
intl_affairs	bounty	2.0
intl_affairs	arab	2.0
healthcare	birx	2.0
healthcare	dying	2.0
healthcare	shutdown	1.0
crime	laws	1.0
crime	replacement	1.0
election_campaign	gettysburg	2.0
intl_affairs	venezuela	2.0
intl_affairs	mideast	2.0
intl_affairs	sudan	2.0
sstc	maddow	2.0
election_campaign	chose	1.0
economy	shutdown	1.0
civil_rights	rioters	2.0
healthcare	insurance	2.0
healthcare	plasma	2.0
civil_rights	absentee	2.0
civil_rights	monuments	2.0
crime	rioters	1.0
labour	employees	2.0
healthcare	protection	1.0
election_campaign	mccarthy	1.0
civil_rights	nascar	2.0
intl_affairs	taliban	2.0
intl_affairs	saudi	2.0
election_campaign	chuck	1.0
healthcare	antibody	2.0
biden_controversies	get a lot of money	2.0
trump_controversies	made fun of the military	2.0
biden_controversies	son is a drug addict	2.0
trump_controversies	disparagement of the military	2.0
biden_controversies	spy for his employer	2.0
biden_controversies	kahoot with his son	2.0
trump_controversies	paid no income tax	2.0
biden_controversies	story about son	2.0
trump_controversies	respect the military	2.0
trump_controversies	about our military	2.0
trump_controversies	played down virus	2.0
trump_controversies	transfer of power	2.0
trump_controversies	criticized the military	2.0
trump_controversies	nobel prize nomination	2.0
trump_controversies	committing a crime	2.0
trump_controversies	marjorie taylor greene	2.0
trump_controversies	didn't pay	1.0
trump_controversies	play it down	2.0
trump_controversies	died in war	2.0
general_controversies	mental health problem	2.0
trump_controversies	election was stolen	2.0
trump_controversies	refuses to accept	2.0
trump_controversies	insulted the military	2.0
trump_controversies	insulting the military	2.0
biden_controversies	addicted to cocaine	2.0
general_controversies	hiding in basement	2.0
trump_controversies	about the military	2.0
trump_controversies	criticise the military	2.0
trump_controversies	refuse to accept	2.0
biden_controversies	new york post	2.0
trump_controversies	shooting will begin	2.0
biden_controversies	3.5 million	2.0
biden_controversies	sex trafficking raid	2.0
trump_controversies	people in service	2.0
trump_controversies	lost their lives	1.0
trump_controversies	killed in battle	2.0
trump_controversies	more deadly	1.0
trump_controversies	avoided taxes	2.0
trump_controversies	atlantic story	2.0
trump_controversies	michael cohen	2.0
trump_controversies	proud boys	2.0
trump_controversies	sexual harassment	1.0
trump_controversies	fallen soldier	2.0
trump_controversies	bone spurs	2.0
biden_controversies	hunter email	2.0
trump_controversies	buy ammunition	2.0
general_controversies	lost it	1.0
biden_controversies	took money	2.0
trump_controversies	sexual assault	1.0
trump_controversies	voting twice	2.0
biden_controversies	hunter emails	2.0
trump_controversies	nevada rally	1.0
trump_controversies	woodward book	2.0
general_controversies	sexual assault	2.0
trump_controversies	yo semite	2.0
trump_controversies	ulterior motives	2.0
trump_controversies	military comments	2.0
biden_controversies	ukraine scandal	2.0
trump_controversies	about military	1.0
trump_controversies	armed forces	1.0
trump_controversies	cohen book	2.0
trump_controversies	intel report	2.0
biden_controversies	ny post	2.0
trump_controversies	accept results	2.0
general_controversies	losing it	2.0
general_controversies	cognitive ability	2.0
trump_controversies	stand by	1.0
biden_controversies	left-wing	2.0
trump_controversies	voting machine	2.0
biden_controversies	radical left	2.0
trump_controversies	michael caputo	2.0
trump_controversies	vote twice	2.0
general_controversies	amy dorris	2.0
trump_controversies	right wing	2.0
biden_controversies	biden son	2.0
trump_controversies	marjorie taylor	2.0
trump_controversies	disparaged military	2.0
biden_controversies	cashing in	1.0
trump_controversies	far right	2.0
trump_controversies	nobel peace	2.0
trump_controversies	amy dorris	2.0
trump_controversies	russian interference	1.0
trump_controversies	trump lawyer	2.0
trump_controversies	deadly stuff	2.0
trump_controversies	mt rushmore	2.0
trump_controversies	war dead	2.0
trump_controversies	intelligence report	2.0
trump_controversies	bob woodward	2.0
biden_controversies	taking money	2.0
trump_controversies	peace prize	2.0
biden_controversies	email problem	2.0
biden_controversies	son laptop	2.0
biden_controversies	son email	2.0
trump_controversies	tax refund	2.0
biden_controversies	profited greatly	2.0
biden_controversies	hunter issue	2.0
biden_controversies	corrupt deal	2.0
trump_controversies	war losers	2.0
general_controversies	mental problem	2.0
trump_controversies	obama impersonator	2.0
biden_controversies	left wing	2.0
trump_controversies	getting killed	2.0
biden_controversies	hunter biden	2.0
trump_controversies	fire obama	2.0
trump_controversies	france trip	2.0
biden_controversies	laptop hunter	2.0
trump_controversies	wounded veterans	2.0
trump_controversies	service men	2.0
trump_controversies	noble prize	2.0
trump_controversies	good year	2.0
trump_controversies	steve sisolak	2.0
trump_controversies	commute sentence	2.0
general_controversies	poor health	2.0
general_controversies	thigh-land	2.0
general_controversies	hiding basement	2.0
trump_controversies	strenuous flus	2.0
biden_controversies	racist comment	2.0
trump_controversies	q anon	2.0
trump_controversies	dhs whistleblower	2.0
trump_controversies	laurene jobs	2.0
trump_controversies	case dismissed	2.0
trump_controversies	controversial speech	2.0
biden_controversies	far left	2.0
biden_controversies	stole millions	1.0
trump_controversies	yo-semite	2.0
trump_controversies	fake obama	2.0
trump_controversies	roger stone	2.0
trump_controversies	faux obama	2.0
trump_controversies	voter fraud	2.0
trump_controversies	resistance unit	2.0
biden_controversies	drug test	2.0
trump_controversies	stand back	2.0
trump_controversies	wounded soldiers	2.0
biden_controversies	business dealings	2.0
trump_controversies	taxes released	2.0
trump_controversies	caputo	2.0
trump_controversies	vets	1.0
general_controversies	rapist	2.0
trump_controversies	yosemite	2.0
trump_controversies	captured	1.0
biden_controversies	marxists	2.0
trump_controversies	sucker	1.0
trump_controversies	henderson	1.0
trump_controversies	interrupting	2.0
trump_controversies	tires	2.0
general_controversies	alzheimer	2.0
trump_controversies	interfering	1.0
trump_controversies	narcissist	2.0
general_controversies	physically	1.0
biden_controversies	communists	1.0
trump_controversies	steroids	1.0
biden_controversies	marxist	1.0
general_controversies	capitalism	1.0
trump_controversies	stones	2.0
general_controversies	stutter	1.0
general_controversies	forgetful	2.0
biden_controversies	commies	2.0
trump_controversies	servicemen	1.0
trump_controversies	belittle	2.0
general_controversies	alzheimers	2.0
general_controversies	autism	2.0
trump_controversies	reschedule	1.0
trump_controversies	airborne	1.0
general_controversies	parkinson	2.0
trump_controversies	unanue	2.0
biden_controversies	ukrane	2.0
trump_controversies	demean	2.0
trump_controversies	neice	2.0
general_controversies	schizophrenia	2.0
trump_controversies	cemetary	2.0
trump_controversies	qanons	2.0
trump_controversies	soliders	2.0
trump_controversies	loosers	2.0
trump_controversies	mispronounce	2.0
trump_controversies	yellowstone	2.0
general_controversies	paedophile	2.0
trump_controversies	stalin	2.0
trump_controversies	autocrat	2.0
general_controversies	trauma	1.0
general_controversies	demented	2.0
trump_controversies	pronounce	2.0
general_controversies	unstable	2.0
general_controversies	sickness	2.0
trump_controversies	fascists	2.0
general_controversies	molester	2.0
trump_controversies	autocratic	2.0
trump_controversies	misogynist	2.0
trump_controversies	totalitarian	1.0
trump_controversies	thighland	2.0
biden_controversies	ukraine	2.0
general_controversies	radical	2.0
trump_controversies	qanon	2.0
trump_controversies	niece	1.0
trump_controversies	veterans	2.0
trump_controversies	roger	2.0
biden_controversies	scandal	1.0
trump_controversies	woodward	2.0
trump_controversies	flynn	2.0
trump_controversies	mary	2.0
trump_controversies	rushmore	2.0
trump_controversies	cohen	2.0
trump_controversies	michelle	1.0
trump_controversies	losers	2.0
trump_controversies	atlantic	2.0
trump_controversies	transfer	1.0
general_controversies	cognitive	2.0
trump_controversies	boycott	2.0
general_controversies	mental	2.0
trump_controversies	released	2.0
general_controversies	allegations	2.0
trump_controversies	nobel	2.0
general_controversies	crazy	1.0
trump_controversies	book	1.0
trump_controversies	military	1.0
trump_controversies	votes	1.0
trump_controversies	vote	1.0
general_controversies	health	1.0
trump_controversies	voting	1.0
biden_controversies	hunter	2.0
general_controversies	old	1.0
trump_controversies	pardon	2.0
trump_controversies	stone	2.0
trump_controversies	racist	2.0
biden_controversies	son	2.0
trump_controversies	troops	1.0
general_controversies	dementia	2.0
trump_controversies	soldiers	2.0
biden_controversies	ukrainian	2.0
trump_controversies	fascism	2.0
trump_controversies	meddling	1.0
trump_controversies	authoritarian	2.0
trump_controversies	books	2.0
general_controversies	mentally	2.0
trump_controversies	nazis	2.0
trump_controversies	pardoning	2.0
trump_controversies	pardoned	1.0
general_controversies	allegation	2.0
general_controversies	senile	2.0
trump_controversies	cheated	1.0
trump_controversies	fraudulent	2.0
biden_controversies	laundering	2.0
general_controversies	harassment	2.0
trump_controversies	veteran	1.0
biden_controversies	leftist	2.0
biden_controversies	burisma	2.0
general_controversies	sexual	2.0
biden_controversies	leftists	2.0
trump_controversies	whistleblower	1.0
trump_controversies	pardons	2.0
biden_controversies	socialist	1.0
trump_controversies	goya	2.0
biden_controversies	communist	2.0
general_controversies	age	1.0
trump_controversies	revolution	1.0
general_controversies	pedophile	2.0
biden_controversies	socialism	1.0
trump_controversies	fascist	2.0
general_controversies	insane	1.0
trump_controversies	suckers	2.0
trump_controversies	goodyear	2.0
general_controversies	abuse	1.0
trump_controversies	dictator	2.0
trump_controversies	750	2.0
general_controversies	rape	2.0
election_campaign	biden lead	2.0
election_campaign	battleground state	2.0
election_campaign	swing state	2.0
election_campaign	election day	1.0
election_campaign	campaign trail	0.0
election_campaign	key states	2.0
election_campaign	black voters	1.0
election_campaign	key battleground	2.0
government_ops	early vote	2.0
election_campaign	point lead	2.0
government_ops	count	2.0
crime	judg	2.0
government_ops	cast	1.0
government_ops	winner	2.0
healthcare	mandates	2.0
election_campaign	parade	1.0
election_campaign	jone	0.0
election_campaign	chanted	2.0
election_campaign	hillari clinton	1.0
sstc	tucker carlson	1.0
economy	trump warns	0.0
election_campaign	mount rushmore	2.0
biden_controversies	biden family	2.0
biden_controversies	sleepy joe	2.0
trump_controversies	lara trump	1.0
healthcare	social distancing	2.0
election_campaign	convention speech	2.0
government_ops	white house	2.0
government_ops	electoral college	2.0
government_ops	second term	2.0
healthcare	doctor says	2.0
crime	secret servic	2.0
healthcare	trump doctor	2.0
civil_rights	pro life	2.0
government_ops	oval offic	1.0
sstc	tucker	0.0
sstc	reader	0.0
election_campaign	hannity	1.0
economy	wall street	1.0
government_ops	cabinet	2.0
election_campaign	woman	1.0
election_campaign	warren	1.0
biden_controversies	basement	2.0
election_campaign	susan	1.0
healthcare	task force	1.0
intl_affairs	north korea	2.0
trump_controversies	kim jong	2.0
sstc	ban	1.0
government_ops	execute	2.0
immigration	visa	2.0
crime	reform	1.0
trump_controversies	steal election	2.0
government_ops	nancy pelosi	1.0
general_controversies	cognitive test	2.0
crime	25th amendment	2.0
general_controversies	conspiracy	2.0
election_campaign	election night	2.0
economy	stock market	2.0
election_campaign	blast	0.0
healthcare	slam	0.0
trump_controversies	melania trump	2.0
election_campaign	michelle	1.0
election_campaign	barack	0.0
election_campaign	barack obama	1.0
general_controversies	rip	0.0
election_campaign	rebuked	0.0
election_campaign	outraged	0.0
government_ops	kellyanne	0.0
general_controversies	stokes	2.0
general_controversies	lincoln	2.0
election_campaign	mcenany	2.0
general_controversies	meltdown	1.0
general_controversies	rant	0.0
election_campaign	kayleigh	0.0
healthcare	tapper	1.0
healthcare	case	1.0
healthcare	expert	1.0
healthcare	emerge	1.0
government_ops	pelosi	0.0
government_ops	nancy	0.0
healthcare	thanksgiving	1.0
government_ops	schumer	1.0
healthcare	anthony	0.0
trump_controversies	eric trump	2.0
crime	attorney general	2.0
crime	appeal court	2.0
trump_controversies	john bolton	2.0
defence	michael flynn	2.0
crime	judge rule	2.0
trump_controversies	trump impeachment	2.0
trump_controversies	democraci	2.0
trump_controversies	baseless	2.0
trump_controversies	russian bounti	2.0
election_campaign	battleground	2.0
election_campaign	narrow	2.0
general_controversies	tie	1.0
election_campaign	blue	1.0
election_campaign	cooper	0.0
election_campaign	johnson	0.0
intl_affairs	afghanistan	2.0
election_campaign	virtual	2.0
election_campaign	graham	1.0
biden_controversies	secretari state	2.0
labour	unemploy	2.0
intl_affairs	sanction	2.0
government_ops	cuomo	0.0
election_campaign	whitmer	2.0
general_controversies	threat	1.0
government_ops	andrew	0.0
election_campaign	duel	2.0
government_ops	jame	0.0
trump_controversies	powell	2.0
sstc	commentary	0.0
crime	sidney	0.0
crime	sidney powell	2.0
general_controversies	first lady	0.0
sstc	social media	2.0
sstc	big tech	2.0
election_campaign	kayleigh mcenany	1.0
government_ops	kellyann conway	1.0
sstc	press secretary	1.0
government_ops	mayor	0.0
general_controversies	threaten	0.0
biden_controversies	antifa	2.0
civil_rights	blm	2.0
general_controversies	condemn	2.0
election_campaign	activist	1.0
election_campaign	clash	1.0
sstc	press	1.0
trump_controversies	bannon	2.0
election_campaign	chris wallace	1.0
election_campaign	rnc speech	2.0
government_ops	cabinet pick	2.0
trump_controversies	overturn elect	2.0
election_campaign	nominate	2.0
government_ops	four years	0.0
crime	law order	2.0
government_ops	gop senators	2.0
crime	law enforcement	2.0
crime	ruth bader	2.0
general_controversies	lindsey graham	2.0
crime	barrett	2.0
crime	scotus	2.0
crime	mcconnell	1.0
election_campaign	romney	1.0
government_ops	execut order	2.0
government_ops	sign execut	2.0
crime	court pack	2.0
sstc	ban tiktok	2.0
social_welfare	coronavirus relief	2.0
social_welfare	covid relief	2.0
intl_affairs	hong kong	2.0
crime	polic reforms	2.0
civil_rights	john lewis	1.0
general_controversies	giuliani	2.0
general_controversies	probe	2.0
trump_controversies	bolton	2.0
general_controversies	scandal	2.0
general_controversies	bombshell	2.0
election_campaign	tulsa rally	0.0
general_controversies	rudy giuliani	2.0
election_campaign	michell obama	2.0
government_ops	transit team	2.0
general_controversies	deny	2.0
defence	nation secur	2.0
trump_controversies	melania	1.0
election_campaign	convent	2.0
trump_controversies	ivanka	2.0
general_controversies	women	0.0
crime	foreign polici	2.0
election_campaign	pro trump	0.0
election_campaign	anti trump	1.0
trump_controversies	mail vote	2.0
government_ops	mail ballot	2.0
election_campaign	lincoln project	2.0
trump_controversies	steve bannon	0.0
government_ops	electoral	2.0
election_campaign	chris	0.0
election_campaign	wallace	0.0
crime	george	0.0
election_campaign	mccain	2.0
general_controversies	fact check	1.0
election_campaign	jill biden	1.0
general_controversies	false claim	2.0
general_controversies	conspiracy theory	2.0
healthcare	wearing face	2.0
general_controversies	disrespect	0.0
election_campaign	compassionate	0.0
general_controversies	traitor	1.0
election_campaign	empathy	0.0
crime	fbi	2.0
government_ops	sign	1.0
social_welfare	relief	2.0
religion	catholic	2.0
election_campaign	american people	0.0
general_controversies	tell truth	2.0
healthcare	experimental drug	2.0
healthcare	protect	1.0
intl_affairs	international	1.0
healthcare	recovery	1.0
general_controversies	flop	1.0
crime	control	0.0
general_controversies	give money	2.0
election_campaign	townhall	2.0
crime	agent	2.0
civil_rights	female	2.0
election_campaign	democrat candid	1.0
crime	replac ruth bader	2.0
healthcare	spread	1.0
general_controversies	patriotic	1.0
healthcare	distance	1.0
healthcare	mandatori	2.0
healthcare	got sick	2.0
general_controversies	million dollars	1.0
general_controversies	cheated	2.0
social_welfare	social security	2.0
general_controversies	arrogant	0.0
government_ops	defunding	2.0
sstc	press confer	2.0
election_campaign	postpon	2.0
government_ops	drain	0.0
election_campaign	drain the swamp	2.0
general_controversies	rumor	2.0
civil_rights	african american	2.0
general_controversies	misinformation	2.0
civil_rights	confederate flag	2.0
biden_controversies	ukrain	2.0
general_controversies	concede	2.0
healthcare	health care plan	2.0
general_controversies	puppet	2.0
general_controversies	corrupt	2.0
general_controversies	crook	2.0
general_controversies	thief	2.0
crime	trafficker	2.0
environment	infrastructure	1.0
election_campaign	fall behind	2.0
government_ops	resign	1.0
election_campaign	commercial	2.0
education	reopening	1.0
election_campaign	democrat party	1.0
election_campaign	lost election	0.0
education	kid	0.0
general_controversies	children	1.0
election_campaign	obama	1.0
general_controversies	enemy	1.0
education	parent	1.0
election_campaign	american patriot	0.0
government_ops	block	1.0
crime	grant	0.0
trump_controversies	trump family	2.0
economy	prosper	1.0
crime	robert	0.0
election_campaign	hillary	1.0
election_campaign	clinton	1.0
general_controversies	hoax	2.0
general_controversies	spy	2.0
election_campaign	election2020	2.0
general_controversies	stole	2.0
trump_controversies	rigging elect	2.0
government_ops	million vote	1.0
healthcare	people die	2.0
government_ops	november 3rd	1.0
civil_rights	vote early	2.0
government_ops	plan vote	2.0
sstc	section 230	2.0
government_ops	vote count	1.0
energy	get rid	1.0
government_ops	cast ballot	1.0
sstc	fake media	2.0
civil_rights	2nd amendment	2.0
general_controversies	radic left democrat	2.0
trump_controversies	lamestream media	2.0
government_ops	federal government	1.0
trump_controversies	lamestream	2.0
general_controversies	phony	2.0
general_controversies	hack	2.0
trump_controversies	epstein	2.0
general_controversies	daughter	1.0
general_controversies	propaganda	2.0
general_controversies	cult	1.0
general_controversies	betray	0.0
general_controversies	lobbyist	1.0
election_campaign	castro	1.0
biden_controversies	trojan	2.0
general_controversies	wealthy	1.0
healthcare	frontline	2.0
government_ops	inauguration	2.0
general_controversies	hypocrite	0.0
general_controversies	kanye	0.0
religion	christian	2.0
healthcare	pharma	2.0
general_controversies	ccp	1.0
civil_rights	suppress	2.0
election_campaign	approval rate	2.0
election_campaign	rasmussen	0.0
healthcare	shutdown	2.0
labour	job growth	2.0
sstc	mainstream media	2.0
crime	feder judg	2.0
trump_controversies	ted wheeler	2.0
economy	market	2.0
economy	stock	2.0
economy	inherit	0.0
government_ops	victori	1.0
trump_controversies	dominion vote	1.0
general_controversies	bill barr	2.0
defence	civil war	2.0
general_controversies	lie	2.0
general_controversies	truth	1.0
trump_controversies	schiff	2.0
general_controversies	denounce	1.0
biden_controversies	laptop	2.0
general_controversies	document	2.0
defence	intelligent	2.0
biden_controversies	bobulinski	2.0
election_campaign	trump2020	1.0
general_controversies	pay	1.0
economy	create	1.0
general_controversies	deep state	2.0
general_controversies	porn	2.0
trump_controversies	idiot	2.0
government_ops	commission	2.0
general_controversies	coward	2.0
trump_controversies	disgrace	2.0
civil_rights	baby	1.0
general_controversies	accusing	2.0
religion	lord	1.0
sstc	tech	2.0
sstc	msm	2.0
sstc	mainstream	2.0
general_controversies	soros	2.0
trump_controversies	kavanaugh	2.0
general_controversies	blame	1.0
general_controversies	hide	2.0
election_campaign	donate	1.0
general_controversies	billionaire	2.0
economy	trillion	2.0
trump_controversies	hero	1.0
government_ops	cast vote	2.0
sstc	network	2.0
social_welfare	relief bill	2.0
sstc	account	1.0
sstc	censor	2.0
sstc	nyt	1.0
sstc	suspend	1.0
general_controversies	lindsey	1.0
energy	ban frack	2.0
trump_controversies	pay tax	2.0
trump_controversies	kelly loeffler	2.0
general_controversies	swamp	2.0
general_controversies	scream	1.0
government_ops	committee	1.0
election_campaign	pledg	1.0
government_ops	department	2.0
trump_controversies	mitch mcconnell	1.0
trump_controversies	declare	1.0
election_campaign	bidenharris2020	2.0
trump_controversies	dominion	2.0
biden_controversies	sleepy	2.0
biden_controversies	teleprompt	2.0
biden_controversies	creepy	2.0
environment	climate chang	2.0
general_controversies	chinese communist	2.0
trump_controversies	murphy	1.0
general_controversies	communist party	2.0
trump_controversies	white supremacist	2.0
trump_controversies	white supremacy	2.0
general_controversies	kyle rittenhouse	2.0
